<?xml version='1.0' encoding='utf-8' standalone='yes' ?>
<map>
    <int name="13844_1187973647_FirstForceCheckRes" value="1" />
    <string name="ping_udpCountrydata">0%7C51</string>
    <string name="13844_1187973647_BattleUISetupConf__type2">%7B%22__version%22%3A2%2C%22name%22%3A%22type2%22%2C%22idx%22%3A3%2C%22panels%22%3A%7B%7D%7D</string>
    <string name="13844_1187973647_BattleUISetupConf__type1">%7B%22__version%22%3A2%2C%22name%22%3A%22type1%22%2C%22idx%22%3A2%2C%22panels%22%3A%7B%7D%7D</string>
    <int name="Key_ResDirSplit" value="1" />
    <int name="9975_420105599_follow3" value="1" />
    <int name="9975_420105599_follow1" value="1" />
    <string name="NewEntertainmentsMode"></string>
    <string name="ModeUpdateTrigger_2709975_420105599_">143.1</string>
    <string name="Key_LoginPushAdPopupCache">%7B%22155%22%3A1647610658%2C%22150%22%3A1647610658%2C%22139%22%3A1647610658%2C%22156%22%3A1647610658%2C%22128%22%3A1647610658%2C%22160%22%3A1647610658%2C%22158%22%3A1647610658%2C%22166%22%3A1647610658%7D</string>
    <string name="FriendChatProfile_1187973647_13844"></string>
    <int name="ADJ_MatchBattleReach200_400_200_400" value="1" />
    <string name="9975_420105599_SocialContestMD5">1370A8FEDA48A0A31FF976C1E801603B</string>
    <int name="9975_420105599_eCIT_MeetHero_ver" value="0" />
    <int name="Mode_Uninstall_Flag_340" value="0" />
    <int name="9975_420105599_eCIT_RunePageEsport_ver" value="0" />
    <string name="0_PushNotificatonActivity_PushEventSubPushId__28f69d8c48bf531e9830d531da7c24a6">0</string>
    <int name="PrepareWar_Datas.IsFirstRedPointSave_9975_420105599_" value="1" />
    <int name="Mode_Uninstall_Flag_220" value="0" />
    <int name="NetCheckRedPointVersion" value="1658" />
    <int name="Screenmanager%20Is%20Fullscreen%20mode" value="0" />
    <string name="ModeUpdateTrigger_22013844_1187973647_">145.1</string>
    <string name="0_PushNotificatonActivity_PushEventSubPushId__5d3961179de4b887bcb4eadb3997370c">0</string>
    <int name="13844_1187973647_report_client_performance" value="1647639352" />
    <string name="0_PushNotificatonActivity_PushEventPushId__277b70d13a81e8499904c415a5c874de">1492</string>
    <string name="ModeUpdateTrigger_10029975_420105599_">9.1</string>
    <int name="9975_420105599_Minranklvl_1" value="1" />
    <string name="LuaAddVerInfo">719.1%3A7e6dce51d1d5a23002bc26c233ea83e6</string>
    <int name="Key_ResDirSplit_OK" value="1" />
    <int name="DownloadBackgroundIOS" value="1" />
    <int name="9975_420105599_Minranklvl_5" value="1" />
    <string name="ModeUpdateTrigger_100413844_1187973647_">9.1</string>
    <string name="ModeUpdateTrigger_23013844_1187973647_">145.1</string>
    <int name="13844_1187973647_eCIT_ChessFreeSkinShow_ver" value="0" />
    <string name="13844_1187973647_ReportRaceLive_TotalViewingTimeMS">0</string>
    <int name="Analytics_LastEnterMainCityCount" value="1" />
    <string name="0_PushNotificatonActivity_PushEventPushId__1803a5432e10913f7a3c3f2c411fb1a5">1493</string>
    <int name="Mode_Uninstall_Flag_230" value="0" />
    <int name="Mode_Uninstall_Flag_110" value="0" />
    <int name="SigalTips" value="2" />
    <int name="13844_1187973647_eCIT_BattleFastChat_ver" value="0" />
    <string name="PushEventPriorities-20220326">1497%2C15%3B1496%2C15</string>
    <string name="PushEventPriorities-20220328">1498%2C15</string>
    <int name="Screenmanager%20Resolution%20Height" value="720" />
    <int name="9975_420105599_report_client_performance" value="1647639457" />
    <string name="13844_1187973647_DairyFreeRewardRefreshTimeStamp">1647639344</string>
    <int name="ping_prefAllStart" value="1647639462" />
    <int name="9975_420105599_s_CAN_NEW_LOBBY" value="1" />
    <string name="0_PushNotificatonActivity_PushEventURLLink__beaf7e9773594f032730b5239e51af10"></string>
    <string name="ModeUpdateTrigger_10019975_420105599_">9.1</string>
    <string name="0_PushNotificatonActivity_PushEventPushId__4478981604f836c0ac7599ec36254185">1495</string>
    <int name="Mode_Uninstall_Flag_360" value="0" />
    <string name="JsonDeviceID">cb4f7559f2f224eb0cf24bdb888cd94e09d5376dd3b80907cdd7d9f4-0720-4a0a-bcb4-8a43d0426875</string>
    <int name="Mode_Uninstall_Flag_120" value="0" />
    <int name="9975_420105599_LuckyStoneLoginDay" value="495" />
    <int name="9975_420105599_eCIT_BattleSkillItem_ver" value="0" />
    <string name="PushEventPriorities-20220320">1493%2C15</string>
    <string name="PushEventPriorities-20220321">1494%2C15</string>
    <string name="PushEventPriorities-20220322">1495%2C15</string>
    <string name="key_checkcfgmd5key">1.6.58.719.1</string>
    <int name="UITeamMatchLua_HaveBattle_NewTips" value="1" />
    <string name="ModeUpdateTrigger_26013844_1187973647_">161.1</string>
    <string name="9975_420105599_BattleUISetupHeroUsage">%7B%22__saveNum%22%3A0%2C%22heroUsagePrefKeys%22%3A%7B%2253%22%3A%229975_420105599_BattleUISetupConf__type1%22%2C%2243%22%3A%229975_420105599_BattleUISetupConf__type1%22%2C%2273%22%3A%229975_420105599_BattleUISetupConf__type1%22%2C%2263%22%3A%229975_420105599_BattleUISetupConf__type1%22%2C%2247%22%3A%229975_420105599_BattleUISetupConf__type1%22%2C%2237%22%3A%229975_420105599_BattleUISetupConf__type1%22%2C%2267%22%3A%229975_420105599_BattleUISetupConf__type1%22%2C%2257%22%3A%229975_420105599_BattleUISetupConf__type1%22%2C%22112%22%3A%229975_420105599_BattleUISetupConf__type1%22%2C%22111%22%3A%229975_420105599_BattleUISetupConf__type1%22%2C%22114%22%3A%229975_420105599_BattleUISetupConf__type1%22%2C%22113%22%3A%229975_420105599_BattleUISetupConf__type1%22%2C%2227%22%3A%229975_420105599_BattleUISetupConf__type1%22%2C%2217%22%3A%229975_420105599_BattleUISetupConf__type1%22%2C%2213%22%3A%229975_420105599_BattleUISetupConf__type1%22%2C%22110%22%3A%229975_420105599_BattleUISetupConf__type1%22%2C%2233%22%3A%229975_420105599_BattleUISetupConf__type1%22%2C%2223%22%3A%229975_420105599_BattleUISetupConf__type1%22%2C%2242%22%3A%229975_420105599_BattleUISetupConf__type1%22%2C%2252%22%3A%229975_420105599_BattleUISetupConf__type1%22%2C%2262%22%3A%229975_420105599_BattleUISetupConf__type1%22%2C%2272%22%3A%229975_420105599_BattleUISetupConf__type1%22%2C%2236%22%3A%229975_420105599_BattleUISetupConf__type1%22%2C%2246%22%3A%229975_420105599_BattleUISetupConf__type1%22%2C%2256%22%3A%229975_420105599_BattleUISetupConf__type1%22%2C%2266%22%3A%229975_420105599_BattleUISetupConf__type1%22%2C%22109%22%3A%229975_420105599_BattleUISetupConf__type1%22%2C%22106%22%3A%229975_420105599_BattleUISetupConf__type1%22%2C%22100%22%3A%229975_420105599_BattleUISetupConf__type1%22%2C%22107%22%3A%229975_420105599_BattleUISetupConf__type1%22%2C%2280%22%3A%229975_420105599_BattleUISetupConf__type1%22%2C%229%22%3A%229975_420105599_BattleUISetupConf__type1%22%2C%22103%22%3A%229975_420105599_BattleUISetupConf__type1%22%2C%22102%22%3A%229975_420105599_BattleUISetupConf__type1%22%2C%2276%22%3A%229975_420105599_BattleUISetupConf__type1%22%2C%22108%22%3A%229975_420105599_BattleUISetupConf__type1%22%2C%2290%22%3A%229975_420105599_BattleUISetupConf__type1%22%2C%2283%22%3A%229975_420105599_BattleUISetupConf__type1%22%2C%2297%22%3A%229975_420105599_BattleUISetupConf__type1%22%2C%2296%22%3A%229975_420105599_BattleUISetupConf__type1%22%2C%2295%22%3A%229975_420105599_BattleUISetupConf__type1%22%2C%2294%22%3A%229975_420105599_BattleUISetupConf__type1%22%2C%2293%22%3A%229975_420105599_BattleUISetupConf__type1%22%2C%2292%22%3A%229975_420105599_BattleUISetupConf__type1%22%2C%2216%22%3A%229975_420105599_BattleUISetupConf__type1%22%2C%2226%22%3A%229975_420105599_BattleUISetupConf__type1%22%2C%2291%22%3A%229975_420105599_BattleUISetupConf__type1%22%2C%2212%22%3A%229975_420105599_BattleUISetupConf__type1%22%2C%2222%22%3A%229975_420105599_BattleUISetupConf__type1%22%2C%2232%22%3A%229975_420105599_BattleUISetupConf__type1%22%2C%2271%22%3A%229975_420105599_BattleUISetupConf__type1%22%2C%2261%22%3A%229975_420105599_BattleUISetupConf__type1%22%2C%2251%22%3A%229975_420105599_BattleUISetupConf__type1%22%2C%2241%22%3A%229975_420105599_BattleUISetupConf__type1%22%2C%2265%22%3A%229975_420105599_BattleUISetupConf__type1%22%2C%2255%22%3A%229975_420105599_BattleUISetupConf__type1%22%2C%2245%22%3A%229975_420105599_BattleUISetupConf__type1%22%2C%2235%22%3A%229975_420105599_BattleUISetupConf__type1%22%2C%2259%22%3A%229975_420105599_BattleUISetupConf__type1%22%2C%2249%22%3A%229975_420105599_BattleUISetupConf__type1%22%2C%2239%22%3A%229975_420105599_BattleUISetupConf__type1%22%2C%2229%22%3A%229975_420105599_BattleUISetupConf__type1%22%2C%2299%22%3A%229975_420105599_BattleUISetupConf__type1%22%2C%2289%22%3A%229975_420105599_BattleUISetupConf__type1%22%2C%2279%22%3A%229975_420105599_BattleUISetupConf__type1%22%2C%2269%22%3A%229975_420105599_BattleUISetupConf__type1%22%2C%221%22%3A%229975_420105599_BattleUISetupConf__type1%22%2C%2284%22%3A%229975_420105599_BattleUISetupConf__type1%22%2C%223%22%3A%229975_420105599_BattleUISetupConf__type1%22%2C%222%22%3A%229975_420105599_BattleUISetupConf__type1%22%2C%2219%22%3A%229975_420105599_BattleUISetupConf__type1%22%2C%224%22%3A%229975_420105599_BattleUISetupConf__type1%22%2C%227%22%3A%229975_420105599_BattleUISetupConf__type1%22%2C%226%22%3A%229975_420105599_BattleUISetupConf__type1%22%2C%2225%22%3A%229975_420105599_BattleUISetupConf__type1%22%2C%2215%22%3A%229975_420105599_BattleUISetupConf__type1%22%2C%2287%22%3A%229975_420105599_BattleUISetupConf__type1%22%2C%2286%22%3A%229975_420105599_BattleUISetupConf__type1%22%2C%2231%22%3A%229975_420105599_BattleUISetupConf__type1%22%2C%2221%22%3A%229975_420105599_BattleUISetupConf__type1%22%2C%2211%22%3A%229975_420105599_BattleUISetupConf__type1%22%2C%2285%22%3A%229975_420105599_BattleUISetupConf__type1%22%2C%2260%22%3A%229975_420105599_BattleUISetupConf__type1%22%2C%2270%22%3A%229975_420105599_BattleUISetupConf__type1%22%2C%2240%22%3A%229975_420105599_BattleUISetupConf__type1%22%2C%2250%22%3A%229975_420105599_BattleUISetupConf__type1%22%2C%2254%22%3A%229975_420105599_BattleUISetupConf__type1%22%2C%2264%22%3A%229975_420105599_BattleUISetupConf__type1%22%2C%2234%22%3A%229975_420105599_BattleUISetupConf__type1%22%2C%2244%22%3A%229975_420105599_BattleUISetupConf__type1%22%2C%2248%22%3A%229975_420105599_BattleUISetupConf__type1%22%2C%2258%22%3A%229975_420105599_BattleUISetupConf__type1%22%2C%2228%22%3A%229975_420105599_BattleUISetupConf__type1%22%2C%2238%22%3A%229975_420105599_BattleUISetupConf__type1%22%2C%2288%22%3A%229975_420105599_BattleUISetupConf__type1%22%2C%2298%22%3A%229975_420105599_BattleUISetupConf__type1%22%2C%2268%22%3A%229975_420105599_BattleUISetupConf__type1%22%2C%2278%22%3A%229975_420105599_BattleUISetupConf__type1%22%2C%2282%22%3A%229975_420105599_BattleUISetupConf__type1%22%2C%2281%22%3A%229975_420105599_BattleUISetupConf__type1%22%2C%22105%22%3A%229975_420105599_BattleUISetupConf__type1%22%2C%2277%22%3A%229975_420105599_BattleUISetupConf__type1%22%2C%22101%22%3A%229975_420105599_BattleUISetupConf__type1%22%2C%2218%22%3A%229975_420105599_BattleUISetupConf__type1%22%2C%2275%22%3A%229975_420105599_BattleUISetupConf__type1%22%2C%2274%22%3A%229975_420105599_BattleUISetupConf__type1%22%2C%2214%22%3A%229975_420105599_BattleUISetupConf__type1%22%2C%2224%22%3A%229975_420105599_BattleUISetupConf__type1%22%2C%225%22%3A%229975_420105599_BattleUISetupConf__type1%22%2C%22104%22%3A%229975_420105599_BattleUISetupConf__type1%22%2C%2220%22%3A%229975_420105599_BattleUISetupConf__type1%22%2C%2230%22%3A%229975_420105599_BattleUISetupConf__type1%22%2C%228%22%3A%229975_420105599_BattleUISetupConf__type1%22%2C%2210%22%3A%229975_420105599_BattleUISetupConf__type1%22%7D%2C%22heroUsages%22%3A%7B%2253%22%3A2%2C%2243%22%3A2%2C%2273%22%3A2%2C%2263%22%3A2%2C%2247%22%3A2%2C%2237%22%3A2%2C%2267%22%3A2%2C%2257%22%3A2%2C%22112%22%3A2%2C%22111%22%3A2%2C%22114%22%3A2%2C%22113%22%3A2%2C%2227%22%3A2%2C%2217%22%3A2%2C%2213%22%3A2%2C%22110%22%3A2%2C%2233%22%3A2%2C%2223%22%3A2%2C%2242%22%3A2%2C%2252%22%3A2%2C%2262%22%3A2%2C%2272%22%3A2%2C%2236%22%3A2%2C%2246%22%3A2%2C%2256%22%3A2%2C%2266%22%3A2%2C%22109%22%3A2%2C%22106%22%3A2%2C%22100%22%3A2%2C%22107%22%3A2%2C%2280%22%3A2%2C%229%22%3A2%2C%22103%22%3A2%2C%22102%22%3A2%2C%2276%22%3A2%2C%22108%22%3A2%2C%2290%22%3A2%2C%2283%22%3A2%2C%2297%22%3A2%2C%2296%22%3A2%2C%2295%22%3A2%2C%2294%22%3A2%2C%2293%22%3A2%2C%2292%22%3A2%2C%2216%22%3A2%2C%2226%22%3A2%2C%2291%22%3A2%2C%2212%22%3A2%2C%2222%22%3A2%2C%2232%22%3A2%2C%2271%22%3A2%2C%2261%22%3A2%2C%2251%22%3A2%2C%2241%22%3A2%2C%2265%22%3A2%2C%2255%22%3A2%2C%2245%22%3A2%2C%2235%22%3A2%2C%2259%22%3A2%2C%2249%22%3A2%2C%2239%22%3A2%2C%2229%22%3A2%2C%2299%22%3A2%2C%2289%22%3A2%2C%2279%22%3A2%2C%2269%22%3A2%2C%221%22%3A2%2C%2284%22%3A2%2C%223%22%3A2%2C%222%22%3A2%2C%2219%22%3A2%2C%224%22%3A2%2C%227%22%3A2%2C%226%22%3A2%2C%2225%22%3A2%2C%2215%22%3A2%2C%2287%22%3A2%2C%2286%22%3A2%2C%2231%22%3A2%2C%2221%22%3A2%2C%2211%22%3A2%2C%2285%22%3A2%2C%2260%22%3A2%2C%2270%22%3A2%2C%2240%22%3A2%2C%2250%22%3A2%2C%2254%22%3A2%2C%2264%22%3A2%2C%2234%22%3A2%2C%2244%22%3A2%2C%2248%22%3A2%2C%2258%22%3A2%2C%2228%22%3A2%2C%2238%22%3A2%2C%2288%22%3A2%2C%2298%22%3A2%2C%2268%22%3A2%2C%2278%22%3A2%2C%2282%22%3A2%2C%2281%22%3A2%2C%22105%22%3A2%2C%2277%22%3A2%2C%22101%22%3A2%2C%2218%22%3A2%2C%2275%22%3A2%2C%2274%22%3A2%2C%2214%22%3A2%2C%2224%22%3A2%2C%225%22%3A2%2C%22104%22%3A2%2C%2220%22%3A2%2C%2230%22%3A2%2C%228%22%3A2%2C%2210%22%3A2%7D%7D</string>
    <int name="9975_420105599_eCIT_Activity_ver" value="0" />
    <int name="PerformanceDevice_EnableQuality_del" value="1" />
    <int name="13844_1187973647_eCIT_BattleUISetup_ver" value="0" />
    <string name="9975_420105599_HighLevelActivityTask">521266</string>
    <string name="0_PushNotificatonActivity_PushEventPushId__ed0a9682cd1fd00970b58aa564a25681">1496</string>
    <int name="9975_420105599_isGPAutoLoginSaved" value="1" />
    <string name="0_PushNotificatonActivity_PushEventIfPic__beaf7e9773594f032730b5239e51af10">0</string>
    <int name="IsMinimalDevice" value="0" />
    <int name="HeroAdjustActivity.ShowRed" value="1" />
    <string name="__CachedRealAdvertisingID__">cdd7d9f4-0720-4a0a-bcb4-8a43d0426875</string>
    <int name="OpenMiniMapDragSignal" value="1" />
    <int name="WareHouseManager.IsFirstRedPointSave_13844_1187973647_" value="1" />
    <int name="Mode_Uninstall_Flag_130" value="0" />
    <string name="9975_420105599__LiveStreamListManager_RecommendMD5_">3ad267afb2b25ee4f145cea9c0e57201</string>
    <int name="__LOGIN_WITH_MOONTON_ACCOUNT_SCUEESS__" value="1" />
    <string name="ChatFriendPrefsFlag">1970-01-01</string>
    <string name="PushEventPriorities-20220330">1499%2C15</string>
    <string name="CheckFont">5</string>
    <string name="9975_420105599_PhotoMessageBoxData">%7B%7D</string>
    <int name="13844_1187973647_eCIT_Guide_ver" value="0" />
    <int name="9975_420105599_eCIT_ModeAutoDownload_ver" value="0" />
    <string name="0_PushNotificatonActivity_PushEventSubPushId__277b70d13a81e8499904c415a5c874de">0</string>
    <string name="9975_420105599_NextCGLocalVersion">676.1</string>
    <string name="13844_1187973647_NextCGLocalVersion">676.1</string>
    <int name="PreformanceLv" value="1" />
    <string name="ModeUpdateTrigger_4209975_420105599_">75.1</string>
    <int name="Screenmanager%20Resolution%20Width" value="1280" />
    <string name="JsonLocalVersion">1.6.58.719.1</string>
    <int name="MonsterLife" value="1" />
    <int name="FTPUploadCount" value="0" />
    <string name="13844_1187973647_BattleUISetupConf__pad">%7B%22idx%22%3A5%2C%22name%22%3A%22pad%22%2C%22__editInfos%22%3A%7B%22m_UI_KeySkill%5C%2Fm_BOTTON%5C%2Fm_SkilPos_4%5C%2Fm_SkillPosA_4%22%3A%7B%22nodeId%22%3A75%2C%22pos%22%3A%7B%22y%22%3A-254%2C%22x%22%3A300%7D%2C%22root%22%3A%22m_UI_KeySkill%22%2C%22path%22%3A%22m_BOTTON%5C%2Fm_SkilPos_4%5C%2Fm_SkillPosA_4%22%2C%22alpha%22%3A1%2C%22size%22%3A0.81%7D%2C%22m_UI_BattleHeroNearby%5C%2Fm_BOTTON%5C%2Fm_HeroNearby%5C%2Fm_Sprite_Hero04%22%3A%7B%22nodeId%22%3A76%2C%22pos%22%3A%7B%22y%22%3A32%2C%22x%22%3A312%7D%2C%22root%22%3A%22m_UI_BattleHeroNearby%22%2C%22path%22%3A%22m_BOTTON%5C%2Fm_HeroNearby%5C%2Fm_Sprite_Hero04%22%2C%22alpha%22%3A1%2C%22size%22%3A0.81%7D%2C%22m_UI_KeySkill%5C%2Fm_BOTTON%5C%2Fm_SkilPos_3%5C%2Fm_SkillPosA_3%22%3A%7B%22nodeId%22%3A77%2C%22pos%22%3A%7B%22y%22%3A-244%2C%22x%22%3A305%7D%2C%22root%22%3A%22m_UI_KeySkill%22%2C%22path%22%3A%22m_BOTTON%5C%2Fm_SkilPos_3%5C%2Fm_SkillPosA_3%22%2C%22alpha%22%3A1%2C%22size%22%3A0.8%7D%2C%22m_UI_MiniMap_ToolButton%5C%2Fm_TL%5C%2Fm_Label_ChatContent%22%3A%7B%22nodeId%22%3A100%2C%22pos%22%3A%7B%22y%22%3A47%2C%22x%22%3A-526%7D%2C%22root%22%3A%22m_UI_MiniMap_ToolButton%22%2C%22path%22%3A%22m_TL%5C%2Fm_Label_ChatContent%22%2C%22alpha%22%3A1%2C%22size%22%3A0.81%7D%2C%22m_UI_KeySkill%5C%2Fm_BOTTON%5C%2Fm_Attack0%22%3A%7B%22nodeId%22%3A79%2C%22pos%22%3A%7B%22y%22%3A-241%2C%22x%22%3A464%7D%2C%22root%22%3A%22m_UI_KeySkill%22%2C%22path%22%3A%22m_BOTTON%5C%2Fm_Attack0%22%2C%22alpha%22%3A1%2C%22size%22%3A0.81%7D%2C%22m_UI_KeySkill%5C%2Fm_BOTTON%5C%2Fm_SkilPos_3%5C%2Fm_SkillPosC_3%22%3A%7B%22nodeId%22%3A80%2C%22pos%22%3A%7B%22y%22%3A-60%2C%22x%22%3A488%7D%2C%22root%22%3A%22m_UI_KeySkill%22%2C%22path%22%3A%22m_BOTTON%5C%2Fm_SkilPos_3%5C%2Fm_SkillPosC_3%22%2C%22alpha%22%3A1%2C%22size%22%3A0.81%7D%2C%22m_UI_BattleHeroNearby%5C%2Fm_BOTTON%5C%2Fm_HeroNearby%5C%2Fm_Sprite_Hero01%22%3A%7B%22nodeId%22%3A81%2C%22pos%22%3A%7B%22y%22%3A-172%2C%22x%22%3A172%7D%2C%22root%22%3A%22m_UI_BattleHeroNearby%22%2C%22path%22%3A%22m_BOTTON%5C%2Fm_HeroNearby%5C%2Fm_Sprite_Hero01%22%2C%22alpha%22%3A1%2C%22size%22%3A0.8%7D%2C%22m_UI_KeySkill%5C%2Fm_BOTTON%5C%2Fm_SkilPos_3%5C%2Fm_SkillPosB_3%22%3A%7B%22nodeId%22%3A82%2C%22pos%22%3A%7B%22y%22%3A-125%2C%22x%22%3A370%7D%2C%22root%22%3A%22m_UI_KeySkill%22%2C%22path%22%3A%22m_BOTTON%5C%2Fm_SkilPos_3%5C%2Fm_SkillPosB_3%22%2C%22alpha%22%3A1%2C%22size%22%3A0.8%7D%2C%22m_UI_KeySkill%5C%2Fm_BOTTON%5C%2Fm_SkilPos_4%5C%2Fm_SkillPosD_4%22%3A%7B%22nodeId%22%3A83%2C%22pos%22%3A%7B%22y%22%3A-50%2C%22x%22%3A504%7D%2C%22root%22%3A%22m_UI_KeySkill%22%2C%22path%22%3A%22m_BOTTON%5C%2Fm_SkilPos_4%5C%2Fm_SkillPosD_4%22%2C%22alpha%22%3A1%2C%22size%22%3A0.8%7D%2C%22m_UI_BattleHeroNearby%5C%2Fm_BOTTON%5C%2Fm_HeroNearby%5C%2Fm_Sprite_Hero03%22%3A%7B%22nodeId%22%3A84%2C%22pos%22%3A%7B%22y%22%3A-22%2C%22x%22%3A246%7D%2C%22root%22%3A%22m_UI_BattleHeroNearby%22%2C%22path%22%3A%22m_BOTTON%5C%2Fm_HeroNearby%5C%2Fm_Sprite_Hero03%22%2C%22alpha%22%3A1%2C%22size%22%3A0.8%7D%2C%22m_UI_BattleShowMessage%5C%2Fm_TOP%5C%2Fm_showMessage%22%3A%7B%22nodeId%22%3A85%2C%22pos%22%3A%7B%22y%22%3A252%2C%22x%22%3A0%7D%2C%22root%22%3A%22m_UI_BattleShowMessage%22%2C%22path%22%3A%22m_TOP%5C%2Fm_showMessage%22%2C%22alpha%22%3A1%2C%22size%22%3A0.8%7D%2C%22m_UI_KeySkill%5C%2Fm_BOTTON%5C%2Fm_extraSkillPos%5C%2Fm_extraSkillB%22%3A%7B%22nodeId%22%3A88%2C%22pos%22%3A%7B%22y%22%3A0%2C%22x%22%3A90%7D%2C%22root%22%3A%22m_UI_KeySkill%22%2C%22path%22%3A%22m_BOTTON%5C%2Fm_extraSkillPos%5C%2Fm_extraSkillB%22%2C%22alpha%22%3A1%2C%22size%22%3A0.81%7D%2C%22m_UI_BattleHeroNearby%5C%2Fm_BOTTON%5C%2Fm_HeroNearby%5C%2Fm_Sprite_Hero05%22%3A%7B%22nodeId%22%3A87%2C%22pos%22%3A%7B%22y%22%3A70%2C%22x%22%3A384%7D%2C%22root%22%3A%22m_UI_BattleHeroNearby%22%2C%22path%22%3A%22m_BOTTON%5C%2Fm_HeroNearby%5C%2Fm_Sprite_Hero05%22%2C%22alpha%22%3A1%2C%22size%22%3A0.81%7D%2C%22m_UI_MiniMap%5C%2Fm_TL%5C%2Fm_Map%22%3A%7B%22nodeId%22%3A86%2C%22pos%22%3A%7B%22y%22%3A234%2C%22x%22%3A-480%7D%2C%22root%22%3A%22m_UI_MiniMap%22%2C%22path%22%3A%22m_TL%5C%2Fm_Map%22%2C%22alpha%22%3A1%2C%22size%22%3A0.81%7D%2C%22m_UI_KeySkill%5C%2Fm_BOTTON%5C%2Fm_extraSkillPos%5C%2Fm_extraSkillD%22%3A%7B%22nodeId%22%3A89%2C%22pos%22%3A%7B%22y%22%3A325%2C%22x%22%3A450%7D%2C%22root%22%3A%22m_UI_KeySkill%22%2C%22path%22%3A%22m_BOTTON%5C%2Fm_extraSkillPos%5C%2Fm_extraSkillD%22%2C%22alpha%22%3A1%2C%22size%22%3A0.81%7D%2C%22m_UI_KeySkill%5C%2Fm_BOTTON%5C%2Fm_sprite_SkillCancel%22%3A%7B%22nodeId%22%3A90%2C%22pos%22%3A%7B%22y%22%3A173%2C%22x%22%3A375%7D%2C%22root%22%3A%22m_UI_KeySkill%22%2C%22path%22%3A%22m_BOTTON%5C%2Fm_sprite_SkillCancel%22%2C%22alpha%22%3A1%2C%22size%22%3A0.81%7D%2C%22m_UI_KeySkillExtra%5C%2Fm_BOTTON%5C%2Fm_BuffPos%22%3A%7B%22nodeId%22%3A91%2C%22pos%22%3A%7B%22y%22%3A-192%2C%22x%22%3A0%7D%2C%22root%22%3A%22m_UI_KeySkillExtra%22%2C%22path%22%3A%22m_BOTTON%5C%2Fm_BuffPos%22%2C%22alpha%22%3A1%2C%22size%22%3A0.8%7D%2C%22m_UI_Kill%5C%2Fm_TOP%5C%2Fm_Kill%22%3A%7B%22nodeId%22%3A96%2C%22pos%22%3A%7B%22y%22%3A42%2C%22x%22%3A-1%7D%2C%22root%22%3A%22m_UI_Kill%22%2C%22path%22%3A%22m_TOP%5C%2Fm_Kill%22%2C%22alpha%22%3A1%2C%22size%22%3A0.8%7D%2C%22m_UI_KeySkill%5C%2Fm_BOTTON%5C%2Fm_extraSkillPos%5C%2Fm_extraSkillG%22%3A%7B%22nodeId%22%3A95%2C%22pos%22%3A%7B%22y%22%3A0%2C%22x%22%3A-90%7D%2C%22root%22%3A%22m_UI_KeySkill%22%2C%22path%22%3A%22m_BOTTON%5C%2Fm_extraSkillPos%5C%2Fm_extraSkillG%22%2C%22alpha%22%3A1%2C%22size%22%3A0.81%7D%2C%22m_UI_KeySkill%5C%2Fm_BOTTON%5C%2Fm_SkilPos_4%5C%2Fm_SkillPosB_4%22%3A%7B%22nodeId%22%3A94%2C%22pos%22%3A%7B%22y%22%3A-160%2C%22x%22%3A340%7D%2C%22root%22%3A%22m_UI_KeySkill%22%2C%22path%22%3A%22m_BOTTON%5C%2Fm_SkilPos_4%5C%2Fm_SkillPosB_4%22%2C%22alpha%22%3A1%2C%22size%22%3A0.81%7D%2C%22m_UI_JoyStick%5C%2Fm_BOTTON%22%3A%7B%22nodeId%22%3A97%2C%22pos%22%3A%7B%22y%22%3A-33%2C%22x%22%3A-83%7D%2C%22root%22%3A%22m_UI_JoyStick%22%2C%22path%22%3A%22m_BOTTON%22%2C%22alpha%22%3A1%2C%22size%22%3A0.81%7D%2C%22m_UI_KeySkill%5C%2Fm_BOTTON%5C%2Fm_extraSkillPos%5C%2Fm_extraSkillA%22%3A%7B%22nodeId%22%3A93%2C%22pos%22%3A%7B%22y%22%3A0%2C%22x%22%3A0%7D%2C%22root%22%3A%22m_UI_KeySkill%22%2C%22path%22%3A%22m_BOTTON%5C%2Fm_extraSkillPos%5C%2Fm_extraSkillA%22%2C%22alpha%22%3A1%2C%22size%22%3A0.81%7D%2C%22m_UI_BattleHeroNearby%5C%2Fm_BOTTON%5C%2Fm_HeroNearby%5C%2Fm_Sprite_Hero02%22%3A%7B%22nodeId%22%3A92%2C%22pos%22%3A%7B%22y%22%3A-93%2C%22x%22%3A199%7D%2C%22root%22%3A%22m_UI_BattleHeroNearby%22%2C%22path%22%3A%22m_BOTTON%5C%2Fm_HeroNearby%5C%2Fm_Sprite_Hero02%22%2C%22alpha%22%3A1%2C%22size%22%3A0.81%7D%2C%22m_UI_BattleInfo%5C%2Fm_TR%22%3A%7B%22nodeId%22%3A98%2C%22pos%22%3A%7B%22y%22%3A63%2C%22x%22%3A110%7D%2C%22root%22%3A%22m_UI_BattleInfo%22%2C%22path%22%3A%22m_TR%22%2C%22alpha%22%3A1%2C%22size%22%3A0.81%7D%2C%22m_UI_KeySkill%5C%2Fm_BOTTON%5C%2Fm_SkilPos_4%5C%2Fm_SkillPosC_4%22%3A%7B%22nodeId%22%3A99%2C%22pos%22%3A%7B%22y%22%3A-90%2C%22x%22%3A410%7D%2C%22root%22%3A%22m_UI_KeySkill%22%2C%22path%22%3A%22m_BOTTON%5C%2Fm_SkilPos_4%5C%2Fm_SkillPosC_4%22%2C%22alpha%22%3A1%2C%22size%22%3A0.8%7D%2C%22m_UI_KeySkill%5C%2Fm_BOTTON%5C%2Fm_extraSkillPos%5C%2Fm_extraSkillC%22%3A%7B%22nodeId%22%3A78%2C%22pos%22%3A%7B%22y%22%3A0%2C%22x%22%3A180%7D%2C%22root%22%3A%22m_UI_KeySkill%22%2C%22path%22%3A%22m_BOTTON%5C%2Fm_extraSkillPos%5C%2Fm_extraSkillC%22%2C%22alpha%22%3A1%2C%22size%22%3A0.8%7D%7D%2C%22__version%22%3A2%2C%22panels%22%3A%7B%7D%7D</string>
    <string name="__MTAKIT_USER_SESSION__">Zi40C58MhaXZTe2sb2Akhw%3D%3D</string>
    <string name="9975_420105599_BattleTowerManager.ClickStateKey">%2C50061%2C50732%2C50511%2C50011%2C50531%2C50551%2C50271</string>
    <int name="Mode_Uninstall_Flag_300" value="0" />
    <int name="Mode_Uninstall_Flag_420" value="0" />
    <string name="0_PushNotificatonActivity_PushEventIfPic__5d3961179de4b887bcb4eadb3997370c">0</string>
    <int name="ADJ_BattleHeroNum4" value="1" />
    <string name="0_PushNotificatonActivity_PushEventEndTime__5d3961179de4b887bcb4eadb3997370c">2022-03-26%2002%3A00%3A00</string>
    <string name="0_PushNotificatonActivity_PushEventEndTime__2554bf0289aef48c28df1133cc1c72b1">2022-03-30%2000%3A00%3A00</string>
    <string name="SymbolMapMD5">0fa7546cbb64acfd8de26a183f16c372</string>
    <string name="0_PushNotificatonActivity_PushEventIfPic__28f69d8c48bf531e9830d531da7c24a6">0</string>
    <int name="BattleAniEmojiManager.IsFirstRedPointSave_13844_1187973647_" value="1" />
    <int name="__UNITY_PLAYERPREFS_VERSION__" value="1" />
    <int name="JsonLocalVersion__once__" value="1" />
    <int name="BattleAniEmojiManager.IsFirstRedPointSave_9975_420105599_" value="1" />
    <string name="ModeUpdateTrigger_13013844_1187973647_">47.1</string>
    <string name="ModeUpdateTrigger_44013844_1187973647_">15.1</string>
    <string name="1_ActivityAdActivity">https%3A%2F%2Fakmstatic.ml.youngjoygame.com%2Fmlbbpromo%2F23%2F23-211116FollowOurGroup1-sm-en.jpghttps%3A%2F%2Fakmstatic.ml.youngjoygame.com%2Fmlbbpromo%2F23%2F23-211116FollowOurGroup2-sm-en.jpghttps%3A%2F%2Fakmstatic.ml.youngjoygame.com%2Fmlbbpromo%2F23%2F23-211116FollowOurGroup3-sm-en.jpghttps%3A%2F%2Fakmstatic.ml.youngjoygame.com%2Fmlbbpromo%2F23%2F23-211116FollowOurGroup4-sm-en.jpghttps%3A%2F%2Fakmstatic.ml.youngjoygame.com%2Fmlbbpromo%2F23%2F23-211116FollowOurGroup5-sm-en.jpghttps%3A%2F%2Fakmstatic.ml.youngjoygame.com%2Fmlbbpromo%2F23%2F23-211116FollowOurGroup6-sm-en.jpghttps%3A%2F%2Fakmstatic.ml.youngjoygame.com%2Fmlbbpromo%2F23%2F23-211116FollowOurGroup7-sm-en.jpg</string>
    <string name="0_PushNotificatonActivity_PushEventPushId__5d3961179de4b887bcb4eadb3997370c">1497</string>
    <int name="13844_1187973647_eCIT_MeetHero_ver" value="0" />
    <string name="13844_1187973647_BattleUISetupHeroUsage">%7B%22__saveNum%22%3A0%2C%22heroUsagePrefKeys%22%3A%7B%2253%22%3A%2213844_1187973647_BattleUISetupConf__type1%22%2C%2243%22%3A%2213844_1187973647_BattleUISetupConf__type1%22%2C%2273%22%3A%2213844_1187973647_BattleUISetupConf__type1%22%2C%2263%22%3A%2213844_1187973647_BattleUISetupConf__type1%22%2C%2247%22%3A%2213844_1187973647_BattleUISetupConf__type1%22%2C%2237%22%3A%2213844_1187973647_BattleUISetupConf__type1%22%2C%2267%22%3A%2213844_1187973647_BattleUISetupConf__type1%22%2C%2257%22%3A%2213844_1187973647_BattleUISetupConf__type1%22%2C%22112%22%3A%2213844_1187973647_BattleUISetupConf__type1%22%2C%22111%22%3A%2213844_1187973647_BattleUISetupConf__type1%22%2C%22114%22%3A%2213844_1187973647_BattleUISetupConf__type1%22%2C%22113%22%3A%2213844_1187973647_BattleUISetupConf__type1%22%2C%2227%22%3A%2213844_1187973647_BattleUISetupConf__type1%22%2C%2217%22%3A%2213844_1187973647_BattleUISetupConf__type1%22%2C%2213%22%3A%2213844_1187973647_BattleUISetupConf__type1%22%2C%22110%22%3A%2213844_1187973647_BattleUISetupConf__type1%22%2C%2233%22%3A%2213844_1187973647_BattleUISetupConf__type1%22%2C%2223%22%3A%2213844_1187973647_BattleUISetupConf__type1%22%2C%2242%22%3A%2213844_1187973647_BattleUISetupConf__type1%22%2C%2252%22%3A%2213844_1187973647_BattleUISetupConf__type1%22%2C%2262%22%3A%2213844_1187973647_BattleUISetupConf__type1%22%2C%2272%22%3A%2213844_1187973647_BattleUISetupConf__type1%22%2C%2236%22%3A%2213844_1187973647_BattleUISetupConf__type1%22%2C%2246%22%3A%2213844_1187973647_BattleUISetupConf__type1%22%2C%2256%22%3A%2213844_1187973647_BattleUISetupConf__type1%22%2C%2266%22%3A%2213844_1187973647_BattleUISetupConf__type1%22%2C%22109%22%3A%2213844_1187973647_BattleUISetupConf__type1%22%2C%22106%22%3A%2213844_1187973647_BattleUISetupConf__type1%22%2C%22100%22%3A%2213844_1187973647_BattleUISetupConf__type1%22%2C%22107%22%3A%2213844_1187973647_BattleUISetupConf__type1%22%2C%2280%22%3A%2213844_1187973647_BattleUISetupConf__type1%22%2C%229%22%3A%2213844_1187973647_BattleUISetupConf__type1%22%2C%22103%22%3A%2213844_1187973647_BattleUISetupConf__type1%22%2C%22102%22%3A%2213844_1187973647_BattleUISetupConf__type1%22%2C%2276%22%3A%2213844_1187973647_BattleUISetupConf__type1%22%2C%22108%22%3A%2213844_1187973647_BattleUISetupConf__type1%22%2C%2290%22%3A%2213844_1187973647_BattleUISetupConf__type1%22%2C%2283%22%3A%2213844_1187973647_BattleUISetupConf__type1%22%2C%2297%22%3A%2213844_1187973647_BattleUISetupConf__type1%22%2C%2296%22%3A%2213844_1187973647_BattleUISetupConf__type1%22%2C%2295%22%3A%2213844_1187973647_BattleUISetupConf__type1%22%2C%2294%22%3A%2213844_1187973647_BattleUISetupConf__type1%22%2C%2293%22%3A%2213844_1187973647_BattleUISetupConf__type1%22%2C%2292%22%3A%2213844_1187973647_BattleUISetupConf__type1%22%2C%2216%22%3A%2213844_1187973647_BattleUISetupConf__type1%22%2C%2226%22%3A%2213844_1187973647_BattleUISetupConf__type1%22%2C%2291%22%3A%2213844_1187973647_BattleUISetupConf__type1%22%2C%2212%22%3A%2213844_1187973647_BattleUISetupConf__type1%22%2C%2222%22%3A%2213844_1187973647_BattleUISetupConf__type1%22%2C%2232%22%3A%2213844_1187973647_BattleUISetupConf__type1%22%2C%2271%22%3A%2213844_1187973647_BattleUISetupConf__type1%22%2C%2261%22%3A%2213844_1187973647_BattleUISetupConf__type1%22%2C%2251%22%3A%2213844_1187973647_BattleUISetupConf__type1%22%2C%2241%22%3A%2213844_1187973647_BattleUISetupConf__type1%22%2C%2265%22%3A%2213844_1187973647_BattleUISetupConf__type1%22%2C%2255%22%3A%2213844_1187973647_BattleUISetupConf__type1%22%2C%2245%22%3A%2213844_1187973647_BattleUISetupConf__type1%22%2C%2235%22%3A%2213844_1187973647_BattleUISetupConf__type1%22%2C%2259%22%3A%2213844_1187973647_BattleUISetupConf__type1%22%2C%2249%22%3A%2213844_1187973647_BattleUISetupConf__type1%22%2C%2239%22%3A%2213844_1187973647_BattleUISetupConf__type1%22%2C%2229%22%3A%2213844_1187973647_BattleUISetupConf__type1%22%2C%2299%22%3A%2213844_1187973647_BattleUISetupConf__type1%22%2C%2289%22%3A%2213844_1187973647_BattleUISetupConf__type1%22%2C%2279%22%3A%2213844_1187973647_BattleUISetupConf__type1%22%2C%2269%22%3A%2213844_1187973647_BattleUISetupConf__type1%22%2C%221%22%3A%2213844_1187973647_BattleUISetupConf__type1%22%2C%2284%22%3A%2213844_1187973647_BattleUISetupConf__type1%22%2C%223%22%3A%2213844_1187973647_BattleUISetupConf__type1%22%2C%222%22%3A%2213844_1187973647_BattleUISetupConf__type1%22%2C%2219%22%3A%2213844_1187973647_BattleUISetupConf__type1%22%2C%224%22%3A%2213844_1187973647_BattleUISetupConf__type1%22%2C%227%22%3A%2213844_1187973647_BattleUISetupConf__type1%22%2C%226%22%3A%2213844_1187973647_BattleUISetupConf__type1%22%2C%2225%22%3A%2213844_1187973647_BattleUISetupConf__type1%22%2C%2215%22%3A%2213844_1187973647_BattleUISetupConf__type1%22%2C%2287%22%3A%2213844_1187973647_BattleUISetupConf__type1%22%2C%2286%22%3A%2213844_1187973647_BattleUISetupConf__type1%22%2C%2231%22%3A%2213844_1187973647_BattleUISetupConf__type1%22%2C%2221%22%3A%2213844_1187973647_BattleUISetupConf__type1%22%2C%2211%22%3A%2213844_1187973647_BattleUISetupConf__type1%22%2C%2285%22%3A%2213844_1187973647_BattleUISetupConf__type1%22%2C%2260%22%3A%2213844_1187973647_BattleUISetupConf__type1%22%2C%2270%22%3A%2213844_1187973647_BattleUISetupConf__type1%22%2C%2240%22%3A%2213844_1187973647_BattleUISetupConf__type1%22%2C%2250%22%3A%2213844_1187973647_BattleUISetupConf__type1%22%2C%2254%22%3A%2213844_1187973647_BattleUISetupConf__type1%22%2C%2264%22%3A%2213844_1187973647_BattleUISetupConf__type1%22%2C%2234%22%3A%2213844_1187973647_BattleUISetupConf__type1%22%2C%2244%22%3A%2213844_1187973647_BattleUISetupConf__type1%22%2C%2248%22%3A%2213844_1187973647_BattleUISetupConf__type1%22%2C%2258%22%3A%2213844_1187973647_BattleUISetupConf__type1%22%2C%2228%22%3A%2213844_1187973647_BattleUISetupConf__type1%22%2C%2238%22%3A%2213844_1187973647_BattleUISetupConf__type1%22%2C%2288%22%3A%2213844_1187973647_BattleUISetupConf__type1%22%2C%2298%22%3A%2213844_1187973647_BattleUISetupConf__type1%22%2C%2268%22%3A%2213844_1187973647_BattleUISetupConf__type1%22%2C%2278%22%3A%2213844_1187973647_BattleUISetupConf__type1%22%2C%2282%22%3A%2213844_1187973647_BattleUISetupConf__type1%22%2C%2281%22%3A%2213844_1187973647_BattleUISetupConf__type1%22%2C%22105%22%3A%2213844_1187973647_BattleUISetupConf__type1%22%2C%2277%22%3A%2213844_1187973647_BattleUISetupConf__type1%22%2C%22101%22%3A%2213844_1187973647_BattleUISetupConf__type1%22%2C%2218%22%3A%2213844_1187973647_BattleUISetupConf__type1%22%2C%2275%22%3A%2213844_1187973647_BattleUISetupConf__type1%22%2C%2274%22%3A%2213844_1187973647_BattleUISetupConf__type1%22%2C%2214%22%3A%2213844_1187973647_BattleUISetupConf__type1%22%2C%2224%22%3A%2213844_1187973647_BattleUISetupConf__type1%22%2C%225%22%3A%2213844_1187973647_BattleUISetupConf__type1%22%2C%22104%22%3A%2213844_1187973647_BattleUISetupConf__type1%22%2C%2220%22%3A%2213844_1187973647_BattleUISetupConf__type1%22%2C%2230%22%3A%2213844_1187973647_BattleUISetupConf__type1%22%2C%228%22%3A%2213844_1187973647_BattleUISetupConf__type1%22%2C%2210%22%3A%2213844_1187973647_BattleUISetupConf__type1%22%7D%2C%22heroUsages%22%3A%7B%2253%22%3A2%2C%2243%22%3A2%2C%2273%22%3A2%2C%2263%22%3A2%2C%2247%22%3A2%2C%2237%22%3A2%2C%2267%22%3A2%2C%2257%22%3A2%2C%22112%22%3A2%2C%22111%22%3A2%2C%22114%22%3A2%2C%22113%22%3A2%2C%2227%22%3A2%2C%2217%22%3A2%2C%2213%22%3A2%2C%22110%22%3A2%2C%2233%22%3A2%2C%2223%22%3A2%2C%2242%22%3A2%2C%2252%22%3A2%2C%2262%22%3A2%2C%2272%22%3A2%2C%2236%22%3A2%2C%2246%22%3A2%2C%2256%22%3A2%2C%2266%22%3A2%2C%22109%22%3A2%2C%22106%22%3A2%2C%22100%22%3A2%2C%22107%22%3A2%2C%2280%22%3A2%2C%229%22%3A2%2C%22103%22%3A2%2C%22102%22%3A2%2C%2276%22%3A2%2C%22108%22%3A2%2C%2290%22%3A2%2C%2283%22%3A2%2C%2297%22%3A2%2C%2296%22%3A2%2C%2295%22%3A2%2C%2294%22%3A2%2C%2293%22%3A2%2C%2292%22%3A2%2C%2216%22%3A2%2C%2226%22%3A2%2C%2291%22%3A2%2C%2212%22%3A2%2C%2222%22%3A2%2C%2232%22%3A2%2C%2271%22%3A2%2C%2261%22%3A2%2C%2251%22%3A2%2C%2241%22%3A2%2C%2265%22%3A2%2C%2255%22%3A2%2C%2245%22%3A2%2C%2235%22%3A2%2C%2259%22%3A2%2C%2249%22%3A2%2C%2239%22%3A2%2C%2229%22%3A2%2C%2299%22%3A2%2C%2289%22%3A2%2C%2279%22%3A2%2C%2269%22%3A2%2C%221%22%3A2%2C%2284%22%3A2%2C%223%22%3A2%2C%222%22%3A2%2C%2219%22%3A2%2C%224%22%3A2%2C%227%22%3A2%2C%226%22%3A2%2C%2225%22%3A2%2C%2215%22%3A2%2C%2287%22%3A2%2C%2286%22%3A2%2C%2231%22%3A2%2C%2221%22%3A2%2C%2211%22%3A2%2C%2285%22%3A2%2C%2260%22%3A2%2C%2270%22%3A2%2C%2240%22%3A2%2C%2250%22%3A2%2C%2254%22%3A2%2C%2264%22%3A2%2C%2234%22%3A2%2C%2244%22%3A2%2C%2248%22%3A2%2C%2258%22%3A2%2C%2228%22%3A2%2C%2238%22%3A2%2C%2288%22%3A2%2C%2298%22%3A2%2C%2268%22%3A2%2C%2278%22%3A2%2C%2282%22%3A2%2C%2281%22%3A2%2C%22105%22%3A2%2C%2277%22%3A2%2C%22101%22%3A2%2C%2218%22%3A2%2C%2275%22%3A2%2C%2274%22%3A2%2C%2214%22%3A2%2C%2224%22%3A2%2C%225%22%3A2%2C%22104%22%3A2%2C%2220%22%3A2%2C%2230%22%3A2%2C%228%22%3A2%2C%2210%22%3A2%7D%7D</string>
    <int name="Mode_Uninstall_Flag_310" value="0" />
    <int name="9975_420105599_minranklvl_6" value="1" />
    <string name="0_PushNotificatonActivity_PushEventEndTime__ed0a9682cd1fd00970b58aa564a25681">2022-03-26%2000%3A00%3A00</string>
    <int name="9975_420105599_eCIT_ChooseEquip_ver" value="0" />
    <int name="9975_420105599_eCIT_RedDotNew_ver" value="144" />
    <int name="13844_1187973647_eCIT_NewbieUnlock_ver" value="0" />
    <string name="13844_1187973647_SocialAccount_LastClickSwitchTime">1647639357</string>
    <int name="ClearHighDefinitionSetUp" value="1" />
    <int name="PreformanceLvUpdate" value="1" />
    <string name="ModeUpdateTrigger_100013844_1187973647_">9.1</string>
    <int name="Shadow" value="0" />
    <int name="13844_1187973647_eCIT_RedDotNew_ver" value="0" />
    <string name="9975_420105599_Key_MyLastGameVersion">719.1</string>
    <int name="MachnePerformanceReport" value="1" />
    <string name="13844_1187973647_BattleUISetupConf__pure">%7B%22idx%22%3A4%2C%22name%22%3A%22pure%22%2C%22__editInfos%22%3A%7B%22m_UI_MiniMap%5C%2Fm_TL%5C%2Fm_Map%22%3A%7B%22nodeId%22%3A101%2C%22pos%22%3A%7B%22y%22%3A220%2C%22x%22%3A-469%7D%2C%22root%22%3A%22m_UI_MiniMap%22%2C%22path%22%3A%22m_TL%5C%2Fm_Map%22%2C%22alpha%22%3A0.7%2C%22size%22%3A1%7D%7D%2C%22__version%22%3A2%2C%22panels%22%3A%7B%7D%7D</string>
    <string name="9975_420105599_DairyFreeRewardRefreshTimeStamp">1647639447</string>
    <int name="ADJ_RankLevelReach46_46" value="1" />
    <string name="Analytics_LastActiveUIs">2082-UI_FriendList(0)%2C2083-UI_MainInterface(0)%2C38-UI_Guide(0)%2C32-UI_SystemSetup(0)%2C90-UI_SystemTipCommon(0)</string>
    <string name="0_PushNotificatonActivity_PushEventPushId__2554bf0289aef48c28df1133cc1c72b1">1499</string>
    <int name="2017Deletekey" value="1" />
    <string name="ModeUpdateTrigger_3909975_420105599_">141.1</string>
    <int name="Mode_Uninstall_Flag_320" value="0" />
    <string name="13844_1187973647_BattleAniEmojiManager.ClickStateKey">%2C40200%2C40230</string>
    <string name="9975_420105599_ReportRaceLive_TotalViewingTimeMS">0</string>
    <int name="Mode_Uninstall_Flag_440" value="0" />
    <string name="0_PushNotificatonActivity_PushEventSubPushId__1803a5432e10913f7a3c3f2c411fb1a5">0</string>
    <int name="TeamEntryManager.MyTeamIsLeader9975_420105599_" value="0" />
    <string name="13844_1187973647_ReportRaceLive_TotalResidenceTimeMS">0</string>
    <string name="JsonLocalOldVersion">1.6.58.719.1</string>
    <int name="Mode_Uninstall_Flag_200" value="0" />
    <string name="ModeUpdateTrigger_3609975_420105599_">161.1</string>
    <int name="9975_420105599_eCIT_RedDot_ver" value="0" />
    <int name="GooglePlayAutoLogin" value="1" />
    <string name="ModeUpdateTrigger_100313844_1187973647_">9.1</string>
    <string name="InstructionPic">https%3A%2F%2Fface.yuanzhanapp.com%2Fiosforceupdate1.png%3Bhttps%3A%2F%2Fface.yuanzhanapp.com%2Fiosforceupdate2.png</string>
    <string name="9975_420105599_BattleUISetupConf__default">%7B%22__version%22%3A2%2C%22name%22%3A%22default%22%2C%22idx%22%3A1%2C%22panels%22%3A%7B%7D%7D</string>
    <string name="0_PushNotificatonActivity_PushEventPushId__28f69d8c48bf531e9830d531da7c24a6">1494</string>
    <string name="0_PushNotificatonActivity_PushEventEndTime__28f69d8c48bf531e9830d531da7c24a6">2022-03-21%2000%3A00%3A00</string>
    <string name="ModeUpdateTrigger_40013844_1187973647_">125.1</string>
    <string name="0_PushNotificatonActivity_PushEventSubPushId__beaf7e9773594f032730b5239e51af10">0</string>
    <string name="ModeUpdateTrigger_50013844_1187973647_">51.1</string>
    <string name="ModeUpdateTrigger_20013844_1187973647_">81.1</string>
    <int name="13844_1187973647_SocialAccount_LastClickSwitchCount" value="1" />
    <string name="ModeUpdateTrigger_27013844_1187973647_">143.1</string>
    <string name="JsonKeyForceLanRes">719.1</string>
    <string name="0_PushNotificatonActivity_PushEventIfPic__2554bf0289aef48c28df1133cc1c72b1">0</string>
    <int name="9975_420105599_eCIT_Guide_ver" value="0" />
    <string name="9975_420105599_ReportGooglePlayRecord_YMD">2022-3-18</string>
    <int name="13844_1187973647_eCIT_FansLastList_ver" value="0" />
    <int name="13844_1187973647_eCIT_BattleUISetupNew_ver" value="0" />
    <string name="ModeUpdateTrigger_10059975_420105599_">9.1</string>
    <string name="unity.player_sessionid">3812366947394797450</string>
    <string name="0_PushNotificatonActivity_PushEventURLLink__277b70d13a81e8499904c415a5c874de"></string>
    <string name="13844_1187973647__LiveStreamListManager_RecommendMD5_">3ad267afb2b25ee4f145cea9c0e57201</string>
    <int name="13844_1187973647__LiveStreamListManager_Recommend_ShouldShowNewTag_" value="1" />
    <string name="ModeUpdateTrigger_100613844_1187973647_">9.1</string>
    <string name="IphonePath">%2Fstorage%2Femulated%2F0%2FAndroid%2Fdata%2Fcom.mobile.legends%2Ffiles%2Fdragon2017%2Fassets%2F</string>
    <int name="13844_1187973647_eCIT_Equip_ver" value="0" />
    <int name="ExceptionHandler_DefaultInstall" value="0" />
    <string name="dvinfo">ebb86ca487872bd7687c28399411d031</string>
    <int name="9975_420105599_eCIT_FansLastList_ver" value="0" />
    <string name="FirstLoadingDecorate">Atlas_Loading03_add%2Fbackground03_L%2Fbackground03%2Fbackground03_R%2Fui_loading03_add</string>
    <int name="Mode_Uninstall_Flag_500" value="0" />
    <int name="13844_1187973647_eCIT_BattleSkillItem_ver" value="0" />
    <int name="13844_1187973647_UsersRetentionReportTime" value="1" />
    <string name="0_PushNotificatonActivity_PushEventEndTime__4478981604f836c0ac7599ec36254185">2022-03-22%2000%3A00%3A00</string>
    <int name="m_strJsonLoadingErrorNum" value="0" />
    <int name="13844_1187973647_eCIT_ChooseEquip_ver" value="0" />
    <int name="GameLoadingReport" value="0" />
    <string name="0_PushNotificatonActivity_PushEventURLLink__1803a5432e10913f7a3c3f2c411fb1a5"></string>
    <string name="13844_1187973647_SocialContestMD5">1370A8FEDA48A0A31FF976C1E801603B</string>
    <int name="ADJ_AchievementLevelReach45_45" value="1" />
    <string name="9975_420105599_BattleUISetupConf__pad">%7B%22idx%22%3A5%2C%22name%22%3A%22pad%22%2C%22__editInfos%22%3A%7B%22m_UI_KeySkill%5C%2Fm_BOTTON%5C%2Fm_SkilPos_4%5C%2Fm_SkillPosA_4%22%3A%7B%22nodeId%22%3A75%2C%22pos%22%3A%7B%22y%22%3A-254%2C%22x%22%3A300%7D%2C%22root%22%3A%22m_UI_KeySkill%22%2C%22path%22%3A%22m_BOTTON%5C%2Fm_SkilPos_4%5C%2Fm_SkillPosA_4%22%2C%22alpha%22%3A1%2C%22size%22%3A0.81%7D%2C%22m_UI_BattleHeroNearby%5C%2Fm_BOTTON%5C%2Fm_HeroNearby%5C%2Fm_Sprite_Hero04%22%3A%7B%22nodeId%22%3A76%2C%22pos%22%3A%7B%22y%22%3A32%2C%22x%22%3A312%7D%2C%22root%22%3A%22m_UI_BattleHeroNearby%22%2C%22path%22%3A%22m_BOTTON%5C%2Fm_HeroNearby%5C%2Fm_Sprite_Hero04%22%2C%22alpha%22%3A1%2C%22size%22%3A0.81%7D%2C%22m_UI_KeySkill%5C%2Fm_BOTTON%5C%2Fm_SkilPos_3%5C%2Fm_SkillPosA_3%22%3A%7B%22nodeId%22%3A77%2C%22pos%22%3A%7B%22y%22%3A-244%2C%22x%22%3A305%7D%2C%22root%22%3A%22m_UI_KeySkill%22%2C%22path%22%3A%22m_BOTTON%5C%2Fm_SkilPos_3%5C%2Fm_SkillPosA_3%22%2C%22alpha%22%3A1%2C%22size%22%3A0.8%7D%2C%22m_UI_MiniMap_ToolButton%5C%2Fm_TL%5C%2Fm_Label_ChatContent%22%3A%7B%22nodeId%22%3A100%2C%22pos%22%3A%7B%22y%22%3A47%2C%22x%22%3A-526%7D%2C%22root%22%3A%22m_UI_MiniMap_ToolButton%22%2C%22path%22%3A%22m_TL%5C%2Fm_Label_ChatContent%22%2C%22alpha%22%3A1%2C%22size%22%3A0.81%7D%2C%22m_UI_KeySkill%5C%2Fm_BOTTON%5C%2Fm_Attack0%22%3A%7B%22nodeId%22%3A79%2C%22pos%22%3A%7B%22y%22%3A-241%2C%22x%22%3A464%7D%2C%22root%22%3A%22m_UI_KeySkill%22%2C%22path%22%3A%22m_BOTTON%5C%2Fm_Attack0%22%2C%22alpha%22%3A1%2C%22size%22%3A0.81%7D%2C%22m_UI_KeySkill%5C%2Fm_BOTTON%5C%2Fm_SkilPos_3%5C%2Fm_SkillPosC_3%22%3A%7B%22nodeId%22%3A80%2C%22pos%22%3A%7B%22y%22%3A-60%2C%22x%22%3A488%7D%2C%22root%22%3A%22m_UI_KeySkill%22%2C%22path%22%3A%22m_BOTTON%5C%2Fm_SkilPos_3%5C%2Fm_SkillPosC_3%22%2C%22alpha%22%3A1%2C%22size%22%3A0.81%7D%2C%22m_UI_BattleHeroNearby%5C%2Fm_BOTTON%5C%2Fm_HeroNearby%5C%2Fm_Sprite_Hero01%22%3A%7B%22nodeId%22%3A81%2C%22pos%22%3A%7B%22y%22%3A-172%2C%22x%22%3A172%7D%2C%22root%22%3A%22m_UI_BattleHeroNearby%22%2C%22path%22%3A%22m_BOTTON%5C%2Fm_HeroNearby%5C%2Fm_Sprite_Hero01%22%2C%22alpha%22%3A1%2C%22size%22%3A0.8%7D%2C%22m_UI_KeySkill%5C%2Fm_BOTTON%5C%2Fm_SkilPos_3%5C%2Fm_SkillPosB_3%22%3A%7B%22nodeId%22%3A82%2C%22pos%22%3A%7B%22y%22%3A-125%2C%22x%22%3A370%7D%2C%22root%22%3A%22m_UI_KeySkill%22%2C%22path%22%3A%22m_BOTTON%5C%2Fm_SkilPos_3%5C%2Fm_SkillPosB_3%22%2C%22alpha%22%3A1%2C%22size%22%3A0.8%7D%2C%22m_UI_KeySkill%5C%2Fm_BOTTON%5C%2Fm_SkilPos_4%5C%2Fm_SkillPosD_4%22%3A%7B%22nodeId%22%3A83%2C%22pos%22%3A%7B%22y%22%3A-50%2C%22x%22%3A504%7D%2C%22root%22%3A%22m_UI_KeySkill%22%2C%22path%22%3A%22m_BOTTON%5C%2Fm_SkilPos_4%5C%2Fm_SkillPosD_4%22%2C%22alpha%22%3A1%2C%22size%22%3A0.8%7D%2C%22m_UI_BattleHeroNearby%5C%2Fm_BOTTON%5C%2Fm_HeroNearby%5C%2Fm_Sprite_Hero03%22%3A%7B%22nodeId%22%3A84%2C%22pos%22%3A%7B%22y%22%3A-22%2C%22x%22%3A246%7D%2C%22root%22%3A%22m_UI_BattleHeroNearby%22%2C%22path%22%3A%22m_BOTTON%5C%2Fm_HeroNearby%5C%2Fm_Sprite_Hero03%22%2C%22alpha%22%3A1%2C%22size%22%3A0.8%7D%2C%22m_UI_BattleShowMessage%5C%2Fm_TOP%5C%2Fm_showMessage%22%3A%7B%22nodeId%22%3A85%2C%22pos%22%3A%7B%22y%22%3A252%2C%22x%22%3A0%7D%2C%22root%22%3A%22m_UI_BattleShowMessage%22%2C%22path%22%3A%22m_TOP%5C%2Fm_showMessage%22%2C%22alpha%22%3A1%2C%22size%22%3A0.8%7D%2C%22m_UI_KeySkill%5C%2Fm_BOTTON%5C%2Fm_extraSkillPos%5C%2Fm_extraSkillB%22%3A%7B%22nodeId%22%3A88%2C%22pos%22%3A%7B%22y%22%3A0%2C%22x%22%3A90%7D%2C%22root%22%3A%22m_UI_KeySkill%22%2C%22path%22%3A%22m_BOTTON%5C%2Fm_extraSkillPos%5C%2Fm_extraSkillB%22%2C%22alpha%22%3A1%2C%22size%22%3A0.81%7D%2C%22m_UI_BattleHeroNearby%5C%2Fm_BOTTON%5C%2Fm_HeroNearby%5C%2Fm_Sprite_Hero05%22%3A%7B%22nodeId%22%3A87%2C%22pos%22%3A%7B%22y%22%3A70%2C%22x%22%3A384%7D%2C%22root%22%3A%22m_UI_BattleHeroNearby%22%2C%22path%22%3A%22m_BOTTON%5C%2Fm_HeroNearby%5C%2Fm_Sprite_Hero05%22%2C%22alpha%22%3A1%2C%22size%22%3A0.81%7D%2C%22m_UI_MiniMap%5C%2Fm_TL%5C%2Fm_Map%22%3A%7B%22nodeId%22%3A86%2C%22pos%22%3A%7B%22y%22%3A234%2C%22x%22%3A-480%7D%2C%22root%22%3A%22m_UI_MiniMap%22%2C%22path%22%3A%22m_TL%5C%2Fm_Map%22%2C%22alpha%22%3A1%2C%22size%22%3A0.81%7D%2C%22m_UI_KeySkill%5C%2Fm_BOTTON%5C%2Fm_extraSkillPos%5C%2Fm_extraSkillD%22%3A%7B%22nodeId%22%3A89%2C%22pos%22%3A%7B%22y%22%3A325%2C%22x%22%3A450%7D%2C%22root%22%3A%22m_UI_KeySkill%22%2C%22path%22%3A%22m_BOTTON%5C%2Fm_extraSkillPos%5C%2Fm_extraSkillD%22%2C%22alpha%22%3A1%2C%22size%22%3A0.81%7D%2C%22m_UI_KeySkill%5C%2Fm_BOTTON%5C%2Fm_sprite_SkillCancel%22%3A%7B%22nodeId%22%3A90%2C%22pos%22%3A%7B%22y%22%3A173%2C%22x%22%3A375%7D%2C%22root%22%3A%22m_UI_KeySkill%22%2C%22path%22%3A%22m_BOTTON%5C%2Fm_sprite_SkillCancel%22%2C%22alpha%22%3A1%2C%22size%22%3A0.81%7D%2C%22m_UI_KeySkillExtra%5C%2Fm_BOTTON%5C%2Fm_BuffPos%22%3A%7B%22nodeId%22%3A91%2C%22pos%22%3A%7B%22y%22%3A-192%2C%22x%22%3A0%7D%2C%22root%22%3A%22m_UI_KeySkillExtra%22%2C%22path%22%3A%22m_BOTTON%5C%2Fm_BuffPos%22%2C%22alpha%22%3A1%2C%22size%22%3A0.8%7D%2C%22m_UI_Kill%5C%2Fm_TOP%5C%2Fm_Kill%22%3A%7B%22nodeId%22%3A96%2C%22pos%22%3A%7B%22y%22%3A42%2C%22x%22%3A-1%7D%2C%22root%22%3A%22m_UI_Kill%22%2C%22path%22%3A%22m_TOP%5C%2Fm_Kill%22%2C%22alpha%22%3A1%2C%22size%22%3A0.8%7D%2C%22m_UI_KeySkill%5C%2Fm_BOTTON%5C%2Fm_extraSkillPos%5C%2Fm_extraSkillG%22%3A%7B%22nodeId%22%3A95%2C%22pos%22%3A%7B%22y%22%3A0%2C%22x%22%3A-90%7D%2C%22root%22%3A%22m_UI_KeySkill%22%2C%22path%22%3A%22m_BOTTON%5C%2Fm_extraSkillPos%5C%2Fm_extraSkillG%22%2C%22alpha%22%3A1%2C%22size%22%3A0.81%7D%2C%22m_UI_KeySkill%5C%2Fm_BOTTON%5C%2Fm_SkilPos_4%5C%2Fm_SkillPosB_4%22%3A%7B%22nodeId%22%3A94%2C%22pos%22%3A%7B%22y%22%3A-160%2C%22x%22%3A340%7D%2C%22root%22%3A%22m_UI_KeySkill%22%2C%22path%22%3A%22m_BOTTON%5C%2Fm_SkilPos_4%5C%2Fm_SkillPosB_4%22%2C%22alpha%22%3A1%2C%22size%22%3A0.81%7D%2C%22m_UI_JoyStick%5C%2Fm_BOTTON%22%3A%7B%22nodeId%22%3A97%2C%22pos%22%3A%7B%22y%22%3A-33%2C%22x%22%3A-83%7D%2C%22root%22%3A%22m_UI_JoyStick%22%2C%22path%22%3A%22m_BOTTON%22%2C%22alpha%22%3A1%2C%22size%22%3A0.81%7D%2C%22m_UI_KeySkill%5C%2Fm_BOTTON%5C%2Fm_extraSkillPos%5C%2Fm_extraSkillA%22%3A%7B%22nodeId%22%3A93%2C%22pos%22%3A%7B%22y%22%3A0%2C%22x%22%3A0%7D%2C%22root%22%3A%22m_UI_KeySkill%22%2C%22path%22%3A%22m_BOTTON%5C%2Fm_extraSkillPos%5C%2Fm_extraSkillA%22%2C%22alpha%22%3A1%2C%22size%22%3A0.81%7D%2C%22m_UI_BattleHeroNearby%5C%2Fm_BOTTON%5C%2Fm_HeroNearby%5C%2Fm_Sprite_Hero02%22%3A%7B%22nodeId%22%3A92%2C%22pos%22%3A%7B%22y%22%3A-93%2C%22x%22%3A199%7D%2C%22root%22%3A%22m_UI_BattleHeroNearby%22%2C%22path%22%3A%22m_BOTTON%5C%2Fm_HeroNearby%5C%2Fm_Sprite_Hero02%22%2C%22alpha%22%3A1%2C%22size%22%3A0.81%7D%2C%22m_UI_BattleInfo%5C%2Fm_TR%22%3A%7B%22nodeId%22%3A98%2C%22pos%22%3A%7B%22y%22%3A63%2C%22x%22%3A110%7D%2C%22root%22%3A%22m_UI_BattleInfo%22%2C%22path%22%3A%22m_TR%22%2C%22alpha%22%3A1%2C%22size%22%3A0.81%7D%2C%22m_UI_KeySkill%5C%2Fm_BOTTON%5C%2Fm_SkilPos_4%5C%2Fm_SkillPosC_4%22%3A%7B%22nodeId%22%3A99%2C%22pos%22%3A%7B%22y%22%3A-90%2C%22x%22%3A410%7D%2C%22root%22%3A%22m_UI_KeySkill%22%2C%22path%22%3A%22m_BOTTON%5C%2Fm_SkilPos_4%5C%2Fm_SkillPosC_4%22%2C%22alpha%22%3A1%2C%22size%22%3A0.8%7D%2C%22m_UI_KeySkill%5C%2Fm_BOTTON%5C%2Fm_extraSkillPos%5C%2Fm_extraSkillC%22%3A%7B%22nodeId%22%3A78%2C%22pos%22%3A%7B%22y%22%3A0%2C%22x%22%3A180%7D%2C%22root%22%3A%22m_UI_KeySkill%22%2C%22path%22%3A%22m_BOTTON%5C%2Fm_extraSkillPos%5C%2Fm_extraSkillC%22%2C%22alpha%22%3A1%2C%22size%22%3A0.8%7D%7D%2C%22__version%22%3A2%2C%22panels%22%3A%7B%7D%7D</string>
    <string name="Key_LoginStep_Last"></string>
    <int name="ADJ_BattleHeroNum14" value="1" />
    <int name="Minimal" value="0" />
    <int name="logout_day" value="0" />
    <int name="KolLivePushActivity_MaxShowCount_2022-03-19" value="1" />
    <string name="ModeUpdateTrigger_34013844_1187973647_">230.1</string>
    <string name="9975_420105599_BattleUISetupConf__pure">%7B%22idx%22%3A4%2C%22name%22%3A%22pure%22%2C%22__editInfos%22%3A%7B%22m_UI_MiniMap%5C%2Fm_TL%5C%2Fm_Map%22%3A%7B%22nodeId%22%3A101%2C%22pos%22%3A%7B%22y%22%3A220%2C%22x%22%3A-469%7D%2C%22root%22%3A%22m_UI_MiniMap%22%2C%22path%22%3A%22m_TL%5C%2Fm_Map%22%2C%22alpha%22%3A0.7%2C%22size%22%3A1%7D%7D%2C%22__version%22%3A2%2C%22panels%22%3A%7B%7D%7D</string>
    <string name="0_PushNotificatonActivity_PushEventIfPic__277b70d13a81e8499904c415a5c874de">0</string>
    <int name="9975_420105599_eCIT_BattleUISetupNew_ver" value="0" />
    <string name="ModeUpdateTrigger_1309975_420105599_">47.1</string>
    <int name="HeroAdjustActivity_SaveReturnLoginTime" value="1647639346" />
    <int name="9975_420105599_eCIT_ChessFreeSkinShow_ver" value="0" />
    <int name="9975_420105599__LiveStreamListManager_RecommendRedPoint_" value="1" />
    <int name="Mode_Uninstall_Flag_999" value="0" />
    <int name="13844_1187973647_eCIT_RunePageEsport_ver" value="0" />
    <int name="9975_420105599_Minranklvl_11" value="1" />
    <int name="EnablePopConditionKillTips" value="1" />
    <string name="0_PushNotificatonActivity_PushEventIfPic__1803a5432e10913f7a3c3f2c411fb1a5">0</string>
    <string name="__MTAKIT_USER_NAME__">tut.tech98%40gmail.com</string>
    <string name="__MTAKIT_USER_ID__">47938856</string>
    <int name="logout_count" value="0" />
    <string name="PushEventYMDs">20220319%3B20220320%3B20220321%3B20220322%3B20220326%3B20220328%3B20220330</string>
    <string name="ModeUpdateTrigger_2609975_420105599_">161.1</string>
    <string name="ModeUpdateTrigger_100213844_1187973647_">9.1</string>
    <string name="ModeUpdateTrigger_38013844_1187973647_">143.1</string>
    <int name="9975_420105599_AvatarCleanImg" value="1" />
    <string name="9975_420105599_BattleUISetupConf">%7B%22__version%22%3A2%2C%22name%22%3A%22type1%22%2C%22idx%22%3A2%2C%22panels%22%3A%7B%7D%7D</string>
    <int name="9975_420105599_eCIT_BattleFastChat_ver" value="0" />
    <int name="9975_420105599_fans6" value="1" />
    <string name="RWPathRec">%2Fstorage%2Femulated%2F0%2FAndroid%2Fdata%2Fcom.mobile.legends%2Ffiles</string>
    <string name="ModeUpdateTrigger_10069975_420105599_">9.1</string>
    <int name="Mode_Uninstall_Flag_400" value="0" />
    <int name="9975_420105599_daily_task_num5" value="1" />
    <int name="9975_420105599_fans2" value="1" />
    <string name="0_PushNotificatonActivity_PushEventURLLink__4478981604f836c0ac7599ec36254185"></string>
    <string name="0_PushNotificatonActivity_PushEventPushId__beaf7e9773594f032730b5239e51af10">1498</string>
    <int name="NewMapDragSignalTips" value="10" />
    <string name="ModeUpdateTrigger_36013844_1187973647_">161.1</string>
    <int name="13844_1187973647_eCIT_GuideVedio_ver" value="0" />
    <int name="Key_MyLastZoneId" value="9975" />
    <int name="PreformanceVeryLowUpdate" value="1" />
    <int name="Report_client_configuration" value="1647639353" />
    <int name="9975_420105599_eCIT_IntPlayerPrefs_ver" value="0" />
    <int name="__FireBase_Remote_Config__" value="78" />
    <int name="PrepareWar_Datas.IsFirstRedPointSave_13844_1187973647_" value="1" />
    <string name="ModeUpdateTrigger_2009975_420105599_">81.1</string>
    <int name="BattleScreenDrawManager.IsFirstRedPointSave_" value="1" />
    <string name="ModeUpdateTrigger_2309975_420105599_">145.1</string>
    <string name="ModeUpdateTrigger_3809975_420105599_">143.1</string>
    <string name="ModeUpdateTrigger_5009975_420105599_">51.1</string>
    <string name="13844_1187973647_BattleUISetupConf">%7B%22__version%22%3A2%2C%22name%22%3A%22type1%22%2C%22idx%22%3A2%2C%22panels%22%3A%7B%7D%7D</string>
    <int name="Mode_Uninstall_Flag_410" value="0" />
    <string name="0_PushNotificatonActivity_PushEventSubPushId__2554bf0289aef48c28df1133cc1c72b1">0</string>
    <string name="ModeUpdateTrigger_3209975_420105599_">149.1</string>
    <string name="0_PushNotificatonActivity_PushEventIfPic__ed0a9682cd1fd00970b58aa564a25681">0</string>
    <string name="ModeUpdateTrigger_41013844_1187973647_">79.3</string>
    <string name="0_PushNotificatonActivity_PushEventIfPic__4478981604f836c0ac7599ec36254185">0</string>
    <string name="ModeUpdateTrigger_100513844_1187973647_">9.1</string>
    <string name="9975_420105599_WareHouseManagerNewPerfermanceKey">%2C99707%2C99708%2C99742%2C99791%2C99811%2C99700%2C99783%2C99706%2C99786%2C99724%2C99805%2C99713%2C99810%2C99715%2C99812%2C99701%2C99797%2C99704%2C99784%2C99817%2C99789%2C99714%2C99813%2C99702%2C99814%2C99785%2C99759%2C99733%2C99804</string>
    <string name="ModeUpdateTrigger_4109975_420105599_">79.3</string>
    <string name="ModeUpdateTrigger_4409975_420105599_">15.1</string>
    <string name="0_PushNotificatonActivity_PushEventNames_">277b70d13a81e8499904c415a5c874de%3B1803a5432e10913f7a3c3f2c411fb1a5%3B28f69d8c48bf531e9830d531da7c24a6%3B4478981604f836c0ac7599ec36254185%3Bed0a9682cd1fd00970b58aa564a25681%3B5d3961179de4b887bcb4eadb3997370c%3Bbeaf7e9773594f032730b5239e51af10%3B2554bf0289aef48c28df1133cc1c72b1</string>
    <int name="13844_1187973647__LiveStreamListManager_RecommendRedPoint_" value="1" />
    <int name="UnityGraphicsQuality" value="1" />
    <int name="13844_1187973647_eCIT_SkillPos_ver" value="0" />
    <string name="13844_1187973647_BattleUISetupConf__default">%7B%22__version%22%3A2%2C%22name%22%3A%22default%22%2C%22idx%22%3A1%2C%22panels%22%3A%7B%7D%7D</string>
    <string name="ModeUpdateTrigger_42013844_1187973647_">75.1</string>
    <int name="13844_1187973647_eCIT_IntPlayerPrefs_ver" value="0" />
    <int name="EmojiTips" value="1" />
    <string name="FriendChatProfile_420105599_9975"></string>
    <int name="Mode_Uninstall_Flag_380" value="0" />
    <string name="ApplicationChannel">and_usa</string>
    <string name="ModeUpdateTrigger_28013844_1187973647_">153.1</string>
    <string name="0_PushNotificatonActivity_PushEventURLLink__ed0a9682cd1fd00970b58aa564a25681"></string>
    <int name="Mode_Uninstall_Flag_260" value="0" />
    <string name="LastResUpdateVersion">1.6.58.719.1</string>
    <int name="9975_420105599_eCIT_BattleUISetup_ver" value="0" />
    <int name="UITeamMatchLua_ChooseMapBtn_NewTips" value="1" />
    <int name="ADJ_MinRankLevelReach6" value="1" />
    <string name="0_PushNotificatonActivity_PushEventURLLink__5d3961179de4b887bcb4eadb3997370c"></string>
    <string name="9975_420105599_ReportRaceLive_YMD">2022-3-18</string>
    <string name="PushEventPriorities-20220319">1492%2C15</string>
    <string name="ModeUpdateTrigger_2209975_420105599_">145.1</string>
    <string name="ModeUpdateTrigger_39013844_1187973647_">141.1</string>
    <string name="ModeUpdateTrigger_3409975_420105599_">230.1</string>
    <string name="ModeUpdateTrigger_2809975_420105599_">153.1</string>
    <string name="0_PushNotificatonActivity_PushEventEndTime__beaf7e9773594f032730b5239e51af10">2022-03-28%2000%3A00%3A00</string>
    <int name="Report_client_HeroVoiceLangUse" value="1647639352" />
    <string name="ModeUpdateTrigger_10039975_420105599_">9.1</string>
    <string name="ModeUpdateTrigger_9999975_420105599_">9.1</string>
    <int name="Mode_Uninstall_Flag_270" value="0" />
    <string name="ModeUpdateTrigger_10049975_420105599_">9.1</string>
    <int name="Mode_Uninstall_Flag_390" value="0" />
    <int name="13844_1187973647_eCIT_Activity_ver" value="0" />
    <int name="Key_EnterGameTime_Last" value="-1" />
    <int name="ping_prefCountryStart" value="1647639462" />
    <int name="WareHouseManager.IsFirstRedPointSave_9975_420105599_" value="1" />
    <string name="ModeUpdateTrigger_100113844_1187973647_">9.1</string>
    <string name="0_PushNotificatonActivity_PushEventURLLink__2554bf0289aef48c28df1133cc1c72b1"></string>
    <int name="Key_EnterGameTime" value="2" />
    <string name="0_PushNotificatonActivity_PushEventEndTime__1803a5432e10913f7a3c3f2c411fb1a5">2022-03-20%2000%3A00%3A00</string>
    <string name="ModeUpdateTrigger_32013844_1187973647_">149.1</string>
    <string name="9975_420105599_BattleUISetupConf__type2">%7B%22__version%22%3A2%2C%22name%22%3A%22type2%22%2C%22idx%22%3A3%2C%22panels%22%3A%7B%7D%7D</string>
    <int name="LastVeryHighMapDownloadType" value="1" />
    <int name="9975_420105599_eCIT_GuideVedio_ver" value="0" />
    <string name="9975_420105599_BattleUISetupConf__type1">%7B%22__version%22%3A2%2C%22name%22%3A%22type1%22%2C%22idx%22%3A2%2C%22panels%22%3A%7B%7D%7D</string>
    <string name="9975_420105599_ReportRaceLive_TotalResidenceTimeMS">0</string>
    <string name="ModeUpdateTrigger_99913844_1187973647_">9.1</string>
    <string name="ModeUpdateTrigger_4009975_420105599_">125.1</string>
    <int name="loginquest" value="0" />
    <int name="9975_420105599_eCIT_Equip_ver" value="0" />
    <string name="13844_1187973647_ReportGooglePlayRecord_YMD">2022-3-18</string>
    <int name="Mode_Uninstall_Flag_280" value="0" />
    <int name="BattleTowerManager.IsFirstRedPointSave_9975_420105599_" value="1" />
    <int name="new_player_ret420105599" value="1647639448" />
    <int name="Mode_Uninstall_Flag_1002" value="0" />
    <int name="Mode_Uninstall_Flag_1001" value="0" />
    <int name="Mode_Uninstall_Flag_1000" value="0" />
    <int name="ADJ_PopularityReach100_100" value="1" />
    <int name="Mode_Uninstall_Flag_1006" value="0" />
    <int name="Mode_Uninstall_Flag_1005" value="0" />
    <int name="Mode_Uninstall_Flag_1004" value="0" />
    <int name="Mode_Uninstall_Flag_1003" value="0" />
    <string name="13844_1187973647_Key_MyLastGameVersion">719.1</string>
    <string name="unity.player_session_count">2</string>
    <int name="JsonKeyLanIDRecord" value="10" />
    <string name="9975_420105599_BattleAniEmojiManager.ClickStateKey">%2C40349%2C40259%2C40322%2C40354%2C40200%2C40232%2C40357%2C40235%2C40239%2C40240%2C40272%2C40396%2C40243%2C40368%2C40395%2C40266%2C40340%2C40217%2C40209%2C40321%2C40282%2C40230%2C40222%2C40347%2C40293</string>
    <string name="9975_420105599_PrepareWar_Datas.ClickStateKey">%2C32026%2C32027</string>
    <string name="13844_1187973647_WareHouseManagerNewPerfermanceKey">%2C99700%2C99701%2C99702%2C99733%2C99804</string>
    <int name="9975_420105599_SetMulityLanguage" value="1" />
    <int name="9975_420105599__LiveStreamListManager_Recommend_ShouldShowNewTag_" value="1" />
    <int name="9975_420105599__SaveSendGetAward" value="1" />
    <int name="LastVeryHighMapQualify" value="0" />
    <int name="HighFpsModeSee"value="4" />
    <int name="9975_420105599_fans16" value="1" />
    <int name="13844_1187973647_eCIT_RedDot_ver" value="0" />
    <int name="9975_420105599_eCIT_SkillPos_ver" value="0" />
    <int name="TeamEntryManager.MyTeamIdCache9975_420105599_" value="0" />
    <int name="9975_420105599_eCIT_NewbieUnlock_ver" value="0" />
    <string name="0_PushNotificatonActivity_PushEventURLLink__28f69d8c48bf531e9830d531da7c24a6"></string>
    <string name="0_PushNotificatonActivity_PushEventEndTime__277b70d13a81e8499904c415a5c874de">2022-03-19%2000%3A00%3A00</string>
    <string name="TimedTaskActivityNeedShowRedPoint1132">1832022</string>
    <string name="0_PushNotificatonActivity_PushEventSubPushId__ed0a9682cd1fd00970b58aa564a25681">0</string>
    <int name="13844_1187973647_eCIT_ModeAutoDownload_ver" value="0" />
    <string name="13844_1187973647_ReportRaceLive_YMD">2022-3-18</string>
    <int name="Key_LoginStuckReason_Last" value="-1" />
    <string name="ping_udpAlldata">17%7C30%7C39%7C56%7C6%7C22%7C23%7C24%7C25%7C26%7C27%7C28%7C29%7C31%7C32%7C33%7C34%7C35%7C36%7C37%7C38%7C40%7C41%7C42%7C43%7C44%7C45%7C46%7C47%7C48%7C49%7C50%7C51%7C52%7C53%7C54%7C55%7C57%7C58%7C59%7C60%7C61%7C62%7C63</string>
    <string name="ModeUpdateTrigger_10009975_420105599_">9.1</string>
    <string name="0_PushNotificatonActivity_PushEventSubPushId__4478981604f836c0ac7599ec36254185">0</string>
    <int name="bVeryHighQuality" value="0" />
</map>
